iso,zone,year,dc_load_mw,forecast_vintage,data_source
PJM,AE,2025,0,2025_forecast,PJM_Load_Forecast_Table_B9b
PJM,AE,2026,0,2025_forecast,PJM_Load_Forecast_Table_B9b
PJM,AE,2027,0,2025_forecast,PJM_Load_Forecast_Table_B9b
PJM,AE,2028,0,2025_forecast,PJM_Load_Forecast_Table_B9b
PJM,AE,2029,0,2025_forecast,PJM_Load_Forecast_Table_B9b
PJM,AE,2030,0,2025_forecast,PJM_Load_Forecast_Table_B9b
PJM,AE,2031,0,2025_forecast,PJM_Load_Forecast_Table_B9b
PJM,AE,2032,0,2025_forecast,PJM_Load_Forecast_Table_B9b
PJM,AE,2033,0,2025_forecast,PJM_Load_Forecast_Table_B9b
PJM,AE,2034,0,2025_forecast,PJM_Load_Forecast_Table_B9b
PJM,AE,2035,0,2025_forecast,PJM_Load_Forecast_Table_B9b
PJM,AE,2036,0,2025_forecast,PJM_Load_Forecast_Table_B9b
PJM,AE,2037,0,2025_forecast,PJM_Load_Forecast_Table_B9b
PJM,AE,2038,0,2025_forecast,PJM_Load_Forecast_Table_B9b
PJM,AE,2039,0,2025_forecast,PJM_Load_Forecast_Table_B9b
PJM,AE,2040,0,2025_forecast,PJM_Load_Forecast_Table_B9b
PJM,AE,2041,0,2025_forecast,PJM_Load_Forecast_Table_B9b
PJM,AE,2042,0,2025_forecast,PJM_Load_Forecast_Table_B9b
PJM,AE,2043,0,2025_forecast,PJM_Load_Forecast_Table_B9b
PJM,AE,2044,0,2025_forecast,PJM_Load_Forecast_Table_B9b
PJM,AE,2045,0,2025_forecast,PJM_Load_Forecast_Table_B9b
PJM,AE,2026,0,2026_forecast,PJM_Load_Forecast_Table_B9b
PJM,AE,2027,0,2026_forecast,PJM_Load_Forecast_Table_B9b
PJM,AE,2028,0,2026_forecast,PJM_Load_Forecast_Table_B9b
PJM,AE,2029,0,2026_forecast,PJM_Load_Forecast_Table_B9b
PJM,AE,2030,0,2026_forecast,PJM_Load_Forecast_Table_B9b
PJM,AE,2031,0,2026_forecast,PJM_Load_Forecast_Table_B9b
PJM,AE,2032,0,2026_forecast,PJM_Load_Forecast_Table_B9b
PJM,AE,2033,0,2026_forecast,PJM_Load_Forecast_Table_B9b
PJM,AE,2034,0,2026_forecast,PJM_Load_Forecast_Table_B9b
PJM,AE,2035,0,2026_forecast,PJM_Load_Forecast_Table_B9b
PJM,AE,2036,0,2026_forecast,PJM_Load_Forecast_Table_B9b
PJM,AE,2037,0,2026_forecast,PJM_Load_Forecast_Table_B9b
PJM,AE,2038,0,2026_forecast,PJM_Load_Forecast_Table_B9b
PJM,AE,2039,0,2026_forecast,PJM_Load_Forecast_Table_B9b
PJM,AE,2040,0,2026_forecast,PJM_Load_Forecast_Table_B9b
PJM,AE,2041,0,2026_forecast,PJM_Load_Forecast_Table_B9b
PJM,AE,2042,0,2026_forecast,PJM_Load_Forecast_Table_B9b
PJM,AE,2043,0,2026_forecast,PJM_Load_Forecast_Table_B9b
PJM,AE,2044,0,2026_forecast,PJM_Load_Forecast_Table_B9b
PJM,AE,2045,0,2026_forecast,PJM_Load_Forecast_Table_B9b
PJM,AE,2046,0,2026_forecast,PJM_Load_Forecast_Table_B9b
PJM,AEP,2025,1761,2025_forecast,PJM_Load_Forecast_Table_B9b
PJM,AEP,2026,3936,2025_forecast,PJM_Load_Forecast_Table_B9b
PJM,AEP,2027,5093,2025_forecast,PJM_Load_Forecast_Table_B9b
PJM,AEP,2028,6134,2025_forecast,PJM_Load_Forecast_Table_B9b
PJM,AEP,2029,7280,2025_forecast,PJM_Load_Forecast_Table_B9b
PJM,AEP,2030,10346,2025_forecast,PJM_Load_Forecast_Table_B9b
PJM,AEP,2031,14252,2025_forecast,PJM_Load_Forecast_Table_B9b
PJM,AEP,2032,18002,2025_forecast,PJM_Load_Forecast_Table_B9b
PJM,AEP,2033,18028,2025_forecast,PJM_Load_Forecast_Table_B9b
PJM,AEP,2034,18021,2025_forecast,PJM_Load_Forecast_Table_B9b
PJM,AEP,2035,18017,2025_forecast,PJM_Load_Forecast_Table_B9b
PJM,AEP,2036,18011,2025_forecast,PJM_Load_Forecast_Table_B9b
PJM,AEP,2037,18010,2025_forecast,PJM_Load_Forecast_Table_B9b
PJM,AEP,2038,18008,2025_forecast,PJM_Load_Forecast_Table_B9b
PJM,AEP,2039,18009,2025_forecast,PJM_Load_Forecast_Table_B9b
PJM,AEP,2040,18009,2025_forecast,PJM_Load_Forecast_Table_B9b
PJM,AEP,2041,18011,2025_forecast,PJM_Load_Forecast_Table_B9b
PJM,AEP,2042,18012,2025_forecast,PJM_Load_Forecast_Table_B9b
PJM,AEP,2043,18020,2025_forecast,PJM_Load_Forecast_Table_B9b
PJM,AEP,2044,18024,2025_forecast,PJM_Load_Forecast_Table_B9b
PJM,AEP,2045,18026,2025_forecast,PJM_Load_Forecast_Table_B9b
PJM,AEP,2026,2699,2026_forecast,PJM_Load_Forecast_Table_B9b
PJM,AEP,2027,4191,2026_forecast,PJM_Load_Forecast_Table_B9b
PJM,AEP,2028,5496,2026_forecast,PJM_Load_Forecast_Table_B9b
PJM,AEP,2029,7051,2026_forecast,PJM_Load_Forecast_Table_B9b
PJM,AEP,2030,8665,2026_forecast,PJM_Load_Forecast_Table_B9b
PJM,AEP,2031,10031,2026_forecast,PJM_Load_Forecast_Table_B9b
PJM,AEP,2032,11393,2026_forecast,PJM_Load_Forecast_Table_B9b
PJM,AEP,2033,13023,2026_forecast,PJM_Load_Forecast_Table_B9b
PJM,AEP,2034,14649,2026_forecast,PJM_Load_Forecast_Table_B9b
PJM,AEP,2035,16276,2026_forecast,PJM_Load_Forecast_Table_B9b
PJM,AEP,2036,17894,2026_forecast,PJM_Load_Forecast_Table_B9b
PJM,AEP,2037,19896,2026_forecast,PJM_Load_Forecast_Table_B9b
PJM,AEP,2038,20729,2026_forecast,PJM_Load_Forecast_Table_B9b
PJM,AEP,2039,20727,2026_forecast,PJM_Load_Forecast_Table_B9b
PJM,AEP,2040,20725,2026_forecast,PJM_Load_Forecast_Table_B9b
PJM,AEP,2041,20722,2026_forecast,PJM_Load_Forecast_Table_B9b
PJM,AEP,2042,20724,2026_forecast,PJM_Load_Forecast_Table_B9b
PJM,AEP,2043,20723,2026_forecast,PJM_Load_Forecast_Table_B9b
PJM,AEP,2044,20724,2026_forecast,PJM_Load_Forecast_Table_B9b
PJM,AEP,2045,20725,2026_forecast,PJM_Load_Forecast_Table_B9b
PJM,AEP,2046,20726,2026_forecast,PJM_Load_Forecast_Table_B9b
PJM,APS,2025,8,2025_forecast,PJM_Load_Forecast_Table_B9b
PJM,APS,2026,170,2025_forecast,PJM_Load_Forecast_Table_B9b
PJM,APS,2027,412,2025_forecast,PJM_Load_Forecast_Table_B9b
PJM,APS,2028,649,2025_forecast,PJM_Load_Forecast_Table_B9b
PJM,APS,2029,998,2025_forecast,PJM_Load_Forecast_Table_B9b
PJM,APS,2030,1214,2025_forecast,PJM_Load_Forecast_Table_B9b
PJM,APS,2031,1490,2025_forecast,PJM_Load_Forecast_Table_B9b
PJM,APS,2032,1810,2025_forecast,PJM_Load_Forecast_Table_B9b
PJM,APS,2033,2027,2025_forecast,PJM_Load_Forecast_Table_B9b
PJM,APS,2034,2196,2025_forecast,PJM_Load_Forecast_Table_B9b
PJM,APS,2035,2239,2025_forecast,PJM_Load_Forecast_Table_B9b
PJM,APS,2036,2240,2025_forecast,PJM_Load_Forecast_Table_B9b
PJM,APS,2037,2240,2025_forecast,PJM_Load_Forecast_Table_B9b
PJM,APS,2038,2240,2025_forecast,PJM_Load_Forecast_Table_B9b
PJM,APS,2039,2240,2025_forecast,PJM_Load_Forecast_Table_B9b
PJM,APS,2040,2240,2025_forecast,PJM_Load_Forecast_Table_B9b
PJM,APS,2041,2240,2025_forecast,PJM_Load_Forecast_Table_B9b
PJM,APS,2042,2239,2025_forecast,PJM_Load_Forecast_Table_B9b
PJM,APS,2043,2240,2025_forecast,PJM_Load_Forecast_Table_B9b
PJM,APS,2044,2240,2025_forecast,PJM_Load_Forecast_Table_B9b
PJM,APS,2045,2240,2025_forecast,PJM_Load_Forecast_Table_B9b
PJM,APS,2026,165,2026_forecast,PJM_Load_Forecast_Table_B9b
PJM,APS,2027,276,2026_forecast,PJM_Load_Forecast_Table_B9b
PJM,APS,2028,319,2026_forecast,PJM_Load_Forecast_Table_B9b
PJM,APS,2029,590,2026_forecast,PJM_Load_Forecast_Table_B9b
PJM,APS,2030,1213,2026_forecast,PJM_Load_Forecast_Table_B9b
PJM,APS,2031,1557,2026_forecast,PJM_Load_Forecast_Table_B9b
PJM,APS,2032,1929,2026_forecast,PJM_Load_Forecast_Table_B9b
PJM,APS,2033,2197,2026_forecast,PJM_Load_Forecast_Table_B9b
PJM,APS,2034,2610,2026_forecast,PJM_Load_Forecast_Table_B9b
PJM,APS,2035,2626,2026_forecast,PJM_Load_Forecast_Table_B9b
PJM,APS,2036,2624,2026_forecast,PJM_Load_Forecast_Table_B9b
PJM,APS,2037,2625,2026_forecast,PJM_Load_Forecast_Table_B9b
PJM,APS,2038,2624,2026_forecast,PJM_Load_Forecast_Table_B9b
PJM,APS,2039,2624,2026_forecast,PJM_Load_Forecast_Table_B9b
PJM,APS,2040,2624,2026_forecast,PJM_Load_Forecast_Table_B9b
PJM,APS,2041,2775,2026_forecast,PJM_Load_Forecast_Table_B9b
PJM,APS,2042,2775,2026_forecast,PJM_Load_Forecast_Table_B9b
PJM,APS,2043,2775,2026_forecast,PJM_Load_Forecast_Table_B9b
PJM,APS,2044,2776,2026_forecast,PJM_Load_Forecast_Table_B9b
PJM,APS,2045,2776,2026_forecast,PJM_Load_Forecast_Table_B9b
PJM,APS,2046,2776,2026_forecast,PJM_Load_Forecast_Table_B9b
PJM,ATSI,2025,56,2025_forecast,PJM_Load_Forecast_Table_B9b
PJM,ATSI,2026,161,2025_forecast,PJM_Load_Forecast_Table_B9b
PJM,ATSI,2027,307,2025_forecast,PJM_Load_Forecast_Table_B9b
PJM,ATSI,2028,506,2025_forecast,PJM_Load_Forecast_Table_B9b
PJM,ATSI,2029,859,2025_forecast,PJM_Load_Forecast_Table_B9b
PJM,ATSI,2030,1477,2025_forecast,PJM_Load_Forecast_Table_B9b
PJM,ATSI,2031,2060,2025_forecast,PJM_Load_Forecast_Table_B9b
PJM,ATSI,2032,2499,2025_forecast,PJM_Load_Forecast_Table_B9b
PJM,ATSI,2033,2722,2025_forecast,PJM_Load_Forecast_Table_B9b
PJM,ATSI,2034,2791,2025_forecast,PJM_Load_Forecast_Table_B9b
PJM,ATSI,2035,2792,2025_forecast,PJM_Load_Forecast_Table_B9b
PJM,ATSI,2036,2790,2025_forecast,PJM_Load_Forecast_Table_B9b
PJM,ATSI,2037,2790,2025_forecast,PJM_Load_Forecast_Table_B9b
PJM,ATSI,2038,2790,2025_forecast,PJM_Load_Forecast_Table_B9b
PJM,ATSI,2039,2790,2025_forecast,PJM_Load_Forecast_Table_B9b
PJM,ATSI,2040,2791,2025_forecast,PJM_Load_Forecast_Table_B9b
PJM,ATSI,2041,2791,2025_forecast,PJM_Load_Forecast_Table_B9b
PJM,ATSI,2042,2790,2025_forecast,PJM_Load_Forecast_Table_B9b
PJM,ATSI,2043,2791,2025_forecast,PJM_Load_Forecast_Table_B9b
PJM,ATSI,2044,2792,2025_forecast,PJM_Load_Forecast_Table_B9b
PJM,ATSI,2045,2793,2025_forecast,PJM_Load_Forecast_Table_B9b
PJM,ATSI,2026,132,2026_forecast,PJM_Load_Forecast_Table_B9b
PJM,ATSI,2027,165,2026_forecast,PJM_Load_Forecast_Table_B9b
PJM,ATSI,2028,299,2026_forecast,PJM_Load_Forecast_Table_B9b
PJM,ATSI,2029,431,2026_forecast,PJM_Load_Forecast_Table_B9b
PJM,ATSI,2030,1129,2026_forecast,PJM_Load_Forecast_Table_B9b
PJM,ATSI,2031,1302,2026_forecast,PJM_Load_Forecast_Table_B9b
PJM,ATSI,2032,1538,2026_forecast,PJM_Load_Forecast_Table_B9b
PJM,ATSI,2033,1823,2026_forecast,PJM_Load_Forecast_Table_B9b
PJM,ATSI,2034,2020,2026_forecast,PJM_Load_Forecast_Table_B9b
PJM,ATSI,2035,2169,2026_forecast,PJM_Load_Forecast_Table_B9b
PJM,ATSI,2036,2211,2026_forecast,PJM_Load_Forecast_Table_B9b
PJM,ATSI,2037,2210,2026_forecast,PJM_Load_Forecast_Table_B9b
PJM,ATSI,2038,2210,2026_forecast,PJM_Load_Forecast_Table_B9b
PJM,ATSI,2039,2209,2026_forecast,PJM_Load_Forecast_Table_B9b
PJM,ATSI,2040,2210,2026_forecast,PJM_Load_Forecast_Table_B9b
PJM,ATSI,2041,2209,2026_forecast,PJM_Load_Forecast_Table_B9b
PJM,ATSI,2042,2209,2026_forecast,PJM_Load_Forecast_Table_B9b
PJM,ATSI,2043,2209,2026_forecast,PJM_Load_Forecast_Table_B9b
PJM,ATSI,2044,2209,2026_forecast,PJM_Load_Forecast_Table_B9b
PJM,ATSI,2045,2210,2026_forecast,PJM_Load_Forecast_Table_B9b
PJM,ATSI,2046,2211,2026_forecast,PJM_Load_Forecast_Table_B9b
PJM,BGE,2025,12,2025_forecast,PJM_Load_Forecast_Table_B9b
PJM,BGE,2026,20,2025_forecast,PJM_Load_Forecast_Table_B9b
PJM,BGE,2027,27,2025_forecast,PJM_Load_Forecast_Table_B9b
PJM,BGE,2028,36,2025_forecast,PJM_Load_Forecast_Table_B9b
PJM,BGE,2029,80,2025_forecast,PJM_Load_Forecast_Table_B9b
PJM,BGE,2030,124,2025_forecast,PJM_Load_Forecast_Table_B9b
PJM,BGE,2031,168,2025_forecast,PJM_Load_Forecast_Table_B9b
PJM,BGE,2032,208,2025_forecast,PJM_Load_Forecast_Table_B9b
PJM,BGE,2033,245,2025_forecast,PJM_Load_Forecast_Table_B9b
PJM,BGE,2034,282,2025_forecast,PJM_Load_Forecast_Table_B9b
PJM,BGE,2035,318,2025_forecast,PJM_Load_Forecast_Table_B9b
PJM,BGE,2036,354,2025_forecast,PJM_Load_Forecast_Table_B9b
PJM,BGE,2037,355,2025_forecast,PJM_Load_Forecast_Table_B9b
PJM,BGE,2038,354,2025_forecast,PJM_Load_Forecast_Table_B9b
PJM,BGE,2039,354,2025_forecast,PJM_Load_Forecast_Table_B9b
PJM,BGE,2040,354,2025_forecast,PJM_Load_Forecast_Table_B9b
PJM,BGE,2041,354,2025_forecast,PJM_Load_Forecast_Table_B9b
PJM,BGE,2042,354,2025_forecast,PJM_Load_Forecast_Table_B9b
PJM,BGE,2043,354,2025_forecast,PJM_Load_Forecast_Table_B9b
PJM,BGE,2044,354,2025_forecast,PJM_Load_Forecast_Table_B9b
PJM,BGE,2045,354,2025_forecast,PJM_Load_Forecast_Table_B9b
PJM,BGE,2026,18,2026_forecast,PJM_Load_Forecast_Table_B9b
PJM,BGE,2027,25,2026_forecast,PJM_Load_Forecast_Table_B9b
PJM,BGE,2028,43,2026_forecast,PJM_Load_Forecast_Table_B9b
PJM,BGE,2029,110,2026_forecast,PJM_Load_Forecast_Table_B9b
PJM,BGE,2030,176,2026_forecast,PJM_Load_Forecast_Table_B9b
PJM,BGE,2031,243,2026_forecast,PJM_Load_Forecast_Table_B9b
PJM,BGE,2032,307,2026_forecast,PJM_Load_Forecast_Table_B9b
PJM,BGE,2033,355,2026_forecast,PJM_Load_Forecast_Table_B9b
PJM,BGE,2034,355,2026_forecast,PJM_Load_Forecast_Table_B9b
PJM,BGE,2035,355,2026_forecast,PJM_Load_Forecast_Table_B9b
PJM,BGE,2036,355,2026_forecast,PJM_Load_Forecast_Table_B9b
PJM,BGE,2037,354,2026_forecast,PJM_Load_Forecast_Table_B9b
PJM,BGE,2038,354,2026_forecast,PJM_Load_Forecast_Table_B9b
PJM,BGE,2039,354,2026_forecast,PJM_Load_Forecast_Table_B9b
PJM,BGE,2040,354,2026_forecast,PJM_Load_Forecast_Table_B9b
PJM,BGE,2041,354,2026_forecast,PJM_Load_Forecast_Table_B9b
PJM,BGE,2042,354,2026_forecast,PJM_Load_Forecast_Table_B9b
PJM,BGE,2043,354,2026_forecast,PJM_Load_Forecast_Table_B9b
PJM,BGE,2044,354,2026_forecast,PJM_Load_Forecast_Table_B9b
PJM,BGE,2045,354,2026_forecast,PJM_Load_Forecast_Table_B9b
PJM,BGE,2046,355,2026_forecast,PJM_Load_Forecast_Table_B9b
PJM,COMED,2025,546,2025_forecast,PJM_Load_Forecast_Table_B9b
PJM,COMED,2026,906,2025_forecast,PJM_Load_Forecast_Table_B9b
PJM,COMED,2027,1226,2025_forecast,PJM_Load_Forecast_Table_B9b
PJM,COMED,2028,1651,2025_forecast,PJM_Load_Forecast_Table_B9b
PJM,COMED,2029,2135,2025_forecast,PJM_Load_Forecast_Table_B9b
PJM,COMED,2030,2664,2025_forecast,PJM_Load_Forecast_Table_B9b
PJM,COMED,2031,3194,2025_forecast,PJM_Load_Forecast_Table_B9b
PJM,COMED,2032,3708,2025_forecast,PJM_Load_Forecast_Table_B9b
PJM,COMED,2033,4182,2025_forecast,PJM_Load_Forecast_Table_B9b
PJM,COMED,2034,4568,2025_forecast,PJM_Load_Forecast_Table_B9b
PJM,COMED,2035,4822,2025_forecast,PJM_Load_Forecast_Table_B9b
PJM,COMED,2036,4940,2025_forecast,PJM_Load_Forecast_Table_B9b
PJM,COMED,2037,4989,2025_forecast,PJM_Load_Forecast_Table_B9b
PJM,COMED,2038,4991,2025_forecast,PJM_Load_Forecast_Table_B9b
PJM,COMED,2039,4991,2025_forecast,PJM_Load_Forecast_Table_B9b
PJM,COMED,2040,4992,2025_forecast,PJM_Load_Forecast_Table_B9b
PJM,COMED,2041,4993,2025_forecast,PJM_Load_Forecast_Table_B9b
PJM,COMED,2042,4992,2025_forecast,PJM_Load_Forecast_Table_B9b
PJM,COMED,2043,4991,2025_forecast,PJM_Load_Forecast_Table_B9b
PJM,COMED,2044,4990,2025_forecast,PJM_Load_Forecast_Table_B9b
PJM,COMED,2045,4991,2025_forecast,PJM_Load_Forecast_Table_B9b
PJM,COMED,2026,885,2026_forecast,PJM_Load_Forecast_Table_B9b
PJM,COMED,2027,1275,2026_forecast,PJM_Load_Forecast_Table_B9b
PJM,COMED,2028,2058,2026_forecast,PJM_Load_Forecast_Table_B9b
PJM,COMED,2029,3504,2026_forecast,PJM_Load_Forecast_Table_B9b
PJM,COMED,2030,5176,2026_forecast,PJM_Load_Forecast_Table_B9b
PJM,COMED,2031,6850,2026_forecast,PJM_Load_Forecast_Table_B9b
PJM,COMED,2032,8496,2026_forecast,PJM_Load_Forecast_Table_B9b
PJM,COMED,2033,9892,2026_forecast,PJM_Load_Forecast_Table_B9b
PJM,COMED,2034,10537,2026_forecast,PJM_Load_Forecast_Table_B9b
PJM,COMED,2035,10789,2026_forecast,PJM_Load_Forecast_Table_B9b
PJM,COMED,2036,10846,2026_forecast,PJM_Load_Forecast_Table_B9b
PJM,COMED,2037,10854,2026_forecast,PJM_Load_Forecast_Table_B9b
PJM,COMED,2038,10860,2026_forecast,PJM_Load_Forecast_Table_B9b
PJM,COMED,2039,10866,2026_forecast,PJM_Load_Forecast_Table_B9b
PJM,COMED,2040,10866,2026_forecast,PJM_Load_Forecast_Table_B9b
PJM,COMED,2041,10865,2026_forecast,PJM_Load_Forecast_Table_B9b
PJM,COMED,2042,10866,2026_forecast,PJM_Load_Forecast_Table_B9b
PJM,COMED,2043,10865,2026_forecast,PJM_Load_Forecast_Table_B9b
PJM,COMED,2044,10868,2026_forecast,PJM_Load_Forecast_Table_B9b
PJM,COMED,2045,10870,2026_forecast,PJM_Load_Forecast_Table_B9b
PJM,COMED,2046,10870,2026_forecast,PJM_Load_Forecast_Table_B9b
PJM,DAYTON,2025,0,2025_forecast,PJM_Load_Forecast_Table_B9b
PJM,DAYTON,2026,0,2025_forecast,PJM_Load_Forecast_Table_B9b
PJM,DAYTON,2027,297,2025_forecast,PJM_Load_Forecast_Table_B9b
PJM,DAYTON,2028,335,2025_forecast,PJM_Load_Forecast_Table_B9b
PJM,DAYTON,2029,335,2025_forecast,PJM_Load_Forecast_Table_B9b
PJM,DAYTON,2030,335,2025_forecast,PJM_Load_Forecast_Table_B9b
PJM,DAYTON,2031,334,2025_forecast,PJM_Load_Forecast_Table_B9b
PJM,DAYTON,2032,334,2025_forecast,PJM_Load_Forecast_Table_B9b
PJM,DAYTON,2033,334,2025_forecast,PJM_Load_Forecast_Table_B9b
PJM,DAYTON,2034,334,2025_forecast,PJM_Load_Forecast_Table_B9b
PJM,DAYTON,2035,334,2025_forecast,PJM_Load_Forecast_Table_B9b
PJM,DAYTON,2036,334,2025_forecast,PJM_Load_Forecast_Table_B9b
PJM,DAYTON,2037,334,2025_forecast,PJM_Load_Forecast_Table_B9b
PJM,DAYTON,2038,334,2025_forecast,PJM_Load_Forecast_Table_B9b
PJM,DAYTON,2039,334,2025_forecast,PJM_Load_Forecast_Table_B9b
PJM,DAYTON,2040,334,2025_forecast,PJM_Load_Forecast_Table_B9b
PJM,DAYTON,2041,334,2025_forecast,PJM_Load_Forecast_Table_B9b
PJM,DAYTON,2042,334,2025_forecast,PJM_Load_Forecast_Table_B9b
PJM,DAYTON,2043,334,2025_forecast,PJM_Load_Forecast_Table_B9b
PJM,DAYTON,2044,334,2025_forecast,PJM_Load_Forecast_Table_B9b
PJM,DAYTON,2045,334,2025_forecast,PJM_Load_Forecast_Table_B9b
PJM,DAYTON,2026,0,2026_forecast,PJM_Load_Forecast_Table_B9b
PJM,DAYTON,2027,144,2026_forecast,PJM_Load_Forecast_Table_B9b
PJM,DAYTON,2028,277,2026_forecast,PJM_Load_Forecast_Table_B9b
PJM,DAYTON,2029,411,2026_forecast,PJM_Load_Forecast_Table_B9b
PJM,DAYTON,2030,954,2026_forecast,PJM_Load_Forecast_Table_B9b
PJM,DAYTON,2031,1392,2026_forecast,PJM_Load_Forecast_Table_B9b
PJM,DAYTON,2032,1821,2026_forecast,PJM_Load_Forecast_Table_B9b
PJM,DAYTON,2033,2144,2026_forecast,PJM_Load_Forecast_Table_B9b
PJM,DAYTON,2034,2242,2026_forecast,PJM_Load_Forecast_Table_B9b
PJM,DAYTON,2035,2242,2026_forecast,PJM_Load_Forecast_Table_B9b
PJM,DAYTON,2036,2241,2026_forecast,PJM_Load_Forecast_Table_B9b
PJM,DAYTON,2037,2241,2026_forecast,PJM_Load_Forecast_Table_B9b
PJM,DAYTON,2038,2241,2026_forecast,PJM_Load_Forecast_Table_B9b
PJM,DAYTON,2039,2241,2026_forecast,PJM_Load_Forecast_Table_B9b
PJM,DAYTON,2040,2241,2026_forecast,PJM_Load_Forecast_Table_B9b
PJM,DAYTON,2041,2241,2026_forecast,PJM_Load_Forecast_Table_B9b
PJM,DAYTON,2042,2241,2026_forecast,PJM_Load_Forecast_Table_B9b
PJM,DAYTON,2043,2241,2026_forecast,PJM_Load_Forecast_Table_B9b
PJM,DAYTON,2044,2242,2026_forecast,PJM_Load_Forecast_Table_B9b
PJM,DAYTON,2045,2243,2026_forecast,PJM_Load_Forecast_Table_B9b
PJM,DAYTON,2046,2244,2026_forecast,PJM_Load_Forecast_Table_B9b
PJM,DEOK,2025,0,2025_forecast,PJM_Load_Forecast_Table_B9b
PJM,DEOK,2026,0,2025_forecast,PJM_Load_Forecast_Table_B9b
PJM,DEOK,2027,1,2025_forecast,PJM_Load_Forecast_Table_B9b
PJM,DEOK,2028,42,2025_forecast,PJM_Load_Forecast_Table_B9b
PJM,DEOK,2029,198,2025_forecast,PJM_Load_Forecast_Table_B9b
PJM,DEOK,2030,241,2025_forecast,PJM_Load_Forecast_Table_B9b
PJM,DEOK,2031,242,2025_forecast,PJM_Load_Forecast_Table_B9b
PJM,DEOK,2032,242,2025_forecast,PJM_Load_Forecast_Table_B9b
PJM,DEOK,2033,242,2025_forecast,PJM_Load_Forecast_Table_B9b
PJM,DEOK,2034,242,2025_forecast,PJM_Load_Forecast_Table_B9b
PJM,DEOK,2035,243,2025_forecast,PJM_Load_Forecast_Table_B9b
PJM,DEOK,2036,243,2025_forecast,PJM_Load_Forecast_Table_B9b
PJM,DEOK,2037,243,2025_forecast,PJM_Load_Forecast_Table_B9b
PJM,DEOK,2038,243,2025_forecast,PJM_Load_Forecast_Table_B9b
PJM,DEOK,2039,242,2025_forecast,PJM_Load_Forecast_Table_B9b
PJM,DEOK,2040,243,2025_forecast,PJM_Load_Forecast_Table_B9b
PJM,DEOK,2041,243,2025_forecast,PJM_Load_Forecast_Table_B9b
PJM,DEOK,2042,243,2025_forecast,PJM_Load_Forecast_Table_B9b
PJM,DEOK,2043,243,2025_forecast,PJM_Load_Forecast_Table_B9b
PJM,DEOK,2044,242,2025_forecast,PJM_Load_Forecast_Table_B9b
PJM,DEOK,2045,242,2025_forecast,PJM_Load_Forecast_Table_B9b
PJM,DEOK,2026,0,2026_forecast,PJM_Load_Forecast_Table_B9b
PJM,DEOK,2027,0,2026_forecast,PJM_Load_Forecast_Table_B9b
PJM,DEOK,2028,0,2026_forecast,PJM_Load_Forecast_Table_B9b
PJM,DEOK,2029,0,2026_forecast,PJM_Load_Forecast_Table_B9b
PJM,DEOK,2030,0,2026_forecast,PJM_Load_Forecast_Table_B9b
PJM,DEOK,2031,0,2026_forecast,PJM_Load_Forecast_Table_B9b
PJM,DEOK,2032,0,2026_forecast,PJM_Load_Forecast_Table_B9b
PJM,DEOK,2033,0,2026_forecast,PJM_Load_Forecast_Table_B9b
PJM,DEOK,2034,0,2026_forecast,PJM_Load_Forecast_Table_B9b
PJM,DEOK,2035,0,2026_forecast,PJM_Load_Forecast_Table_B9b
PJM,DEOK,2036,0,2026_forecast,PJM_Load_Forecast_Table_B9b
PJM,DEOK,2037,0,2026_forecast,PJM_Load_Forecast_Table_B9b
PJM,DEOK,2038,0,2026_forecast,PJM_Load_Forecast_Table_B9b
PJM,DEOK,2039,0,2026_forecast,PJM_Load_Forecast_Table_B9b
PJM,DEOK,2040,0,2026_forecast,PJM_Load_Forecast_Table_B9b
PJM,DEOK,2041,0,2026_forecast,PJM_Load_Forecast_Table_B9b
PJM,DEOK,2042,0,2026_forecast,PJM_Load_Forecast_Table_B9b
PJM,DEOK,2043,0,2026_forecast,PJM_Load_Forecast_Table_B9b
PJM,DEOK,2044,0,2026_forecast,PJM_Load_Forecast_Table_B9b
PJM,DEOK,2045,0,2026_forecast,PJM_Load_Forecast_Table_B9b
PJM,DEOK,2046,0,2026_forecast,PJM_Load_Forecast_Table_B9b
PJM,DLCO,2025,0,2025_forecast,PJM_Load_Forecast_Table_B9b
PJM,DLCO,2026,0,2025_forecast,PJM_Load_Forecast_Table_B9b
PJM,DLCO,2027,0,2025_forecast,PJM_Load_Forecast_Table_B9b
PJM,DLCO,2028,0,2025_forecast,PJM_Load_Forecast_Table_B9b
PJM,DLCO,2029,0,2025_forecast,PJM_Load_Forecast_Table_B9b
PJM,DLCO,2030,0,2025_forecast,PJM_Load_Forecast_Table_B9b
PJM,DLCO,2031,0,2025_forecast,PJM_Load_Forecast_Table_B9b
PJM,DLCO,2032,0,2025_forecast,PJM_Load_Forecast_Table_B9b
PJM,DLCO,2033,0,2025_forecast,PJM_Load_Forecast_Table_B9b
PJM,DLCO,2034,0,2025_forecast,PJM_Load_Forecast_Table_B9b
PJM,DLCO,2035,0,2025_forecast,PJM_Load_Forecast_Table_B9b
PJM,DLCO,2036,0,2025_forecast,PJM_Load_Forecast_Table_B9b
PJM,DLCO,2037,0,2025_forecast,PJM_Load_Forecast_Table_B9b
PJM,DLCO,2038,0,2025_forecast,PJM_Load_Forecast_Table_B9b
PJM,DLCO,2039,0,2025_forecast,PJM_Load_Forecast_Table_B9b
PJM,DLCO,2040,0,2025_forecast,PJM_Load_Forecast_Table_B9b
PJM,DLCO,2041,0,2025_forecast,PJM_Load_Forecast_Table_B9b
PJM,DLCO,2042,0,2025_forecast,PJM_Load_Forecast_Table_B9b
PJM,DLCO,2043,0,2025_forecast,PJM_Load_Forecast_Table_B9b
PJM,DLCO,2044,0,2025_forecast,PJM_Load_Forecast_Table_B9b
PJM,DLCO,2045,0,2025_forecast,PJM_Load_Forecast_Table_B9b
PJM,DLCO,2026,0,2026_forecast,PJM_Load_Forecast_Table_B9b
PJM,DLCO,2027,0,2026_forecast,PJM_Load_Forecast_Table_B9b
PJM,DLCO,2028,0,2026_forecast,PJM_Load_Forecast_Table_B9b
PJM,DLCO,2029,0,2026_forecast,PJM_Load_Forecast_Table_B9b
PJM,DLCO,2030,46,2026_forecast,PJM_Load_Forecast_Table_B9b
PJM,DLCO,2031,75,2026_forecast,PJM_Load_Forecast_Table_B9b
PJM,DLCO,2032,87,2026_forecast,PJM_Load_Forecast_Table_B9b
PJM,DLCO,2033,87,2026_forecast,PJM_Load_Forecast_Table_B9b
PJM,DLCO,2034,87,2026_forecast,PJM_Load_Forecast_Table_B9b
PJM,DLCO,2035,87,2026_forecast,PJM_Load_Forecast_Table_B9b
PJM,DLCO,2036,87,2026_forecast,PJM_Load_Forecast_Table_B9b
PJM,DLCO,2037,87,2026_forecast,PJM_Load_Forecast_Table_B9b
PJM,DLCO,2038,87,2026_forecast,PJM_Load_Forecast_Table_B9b
PJM,DLCO,2039,87,2026_forecast,PJM_Load_Forecast_Table_B9b
PJM,DLCO,2040,87,2026_forecast,PJM_Load_Forecast_Table_B9b
PJM,DLCO,2041,87,2026_forecast,PJM_Load_Forecast_Table_B9b
PJM,DLCO,2042,87,2026_forecast,PJM_Load_Forecast_Table_B9b
PJM,DLCO,2043,87,2026_forecast,PJM_Load_Forecast_Table_B9b
PJM,DLCO,2044,87,2026_forecast,PJM_Load_Forecast_Table_B9b
PJM,DLCO,2045,87,2026_forecast,PJM_Load_Forecast_Table_B9b
PJM,DLCO,2046,87,2026_forecast,PJM_Load_Forecast_Table_B9b
PJM,DOM,2025,4970,2025_forecast,PJM_Load_Forecast_Table_B9b
PJM,DOM,2026,6415,2025_forecast,PJM_Load_Forecast_Table_B9b
PJM,DOM,2027,8185,2025_forecast,PJM_Load_Forecast_Table_B9b
PJM,DOM,2028,10351,2025_forecast,PJM_Load_Forecast_Table_B9b
PJM,DOM,2029,12524,2025_forecast,PJM_Load_Forecast_Table_B9b
PJM,DOM,2030,14646,2025_forecast,PJM_Load_Forecast_Table_B9b
PJM,DOM,2031,17051,2025_forecast,PJM_Load_Forecast_Table_B9b
PJM,DOM,2032,19096,2025_forecast,PJM_Load_Forecast_Table_B9b
PJM,DOM,2033,20766,2025_forecast,PJM_Load_Forecast_Table_B9b
PJM,DOM,2034,22213,2025_forecast,PJM_Load_Forecast_Table_B9b
PJM,DOM,2035,23464,2025_forecast,PJM_Load_Forecast_Table_B9b
PJM,DOM,2036,24574,2025_forecast,PJM_Load_Forecast_Table_B9b
PJM,DOM,2037,25535,2025_forecast,PJM_Load_Forecast_Table_B9b
PJM,DOM,2038,26406,2025_forecast,PJM_Load_Forecast_Table_B9b
PJM,DOM,2039,27094,2025_forecast,PJM_Load_Forecast_Table_B9b
PJM,DOM,2040,27754,2025_forecast,PJM_Load_Forecast_Table_B9b
PJM,DOM,2041,28371,2025_forecast,PJM_Load_Forecast_Table_B9b
PJM,DOM,2042,28920,2025_forecast,PJM_Load_Forecast_Table_B9b
PJM,DOM,2043,29466,2025_forecast,PJM_Load_Forecast_Table_B9b
PJM,DOM,2044,30044,2025_forecast,PJM_Load_Forecast_Table_B9b
PJM,DOM,2045,30616,2025_forecast,PJM_Load_Forecast_Table_B9b
PJM,DOM,2026,7066,2026_forecast,PJM_Load_Forecast_Table_B9b
PJM,DOM,2027,8925,2026_forecast,PJM_Load_Forecast_Table_B9b
PJM,DOM,2028,10615,2026_forecast,PJM_Load_Forecast_Table_B9b
PJM,DOM,2029,11932,2026_forecast,PJM_Load_Forecast_Table_B9b
PJM,DOM,2030,13896,2026_forecast,PJM_Load_Forecast_Table_B9b
PJM,DOM,2031,15829,2026_forecast,PJM_Load_Forecast_Table_B9b
PJM,DOM,2032,17735,2026_forecast,PJM_Load_Forecast_Table_B9b
PJM,DOM,2033,19311,2026_forecast,PJM_Load_Forecast_Table_B9b
PJM,DOM,2034,20734,2026_forecast,PJM_Load_Forecast_Table_B9b
PJM,DOM,2035,22426,2026_forecast,PJM_Load_Forecast_Table_B9b
PJM,DOM,2036,24224,2026_forecast,PJM_Load_Forecast_Table_B9b
PJM,DOM,2037,26618,2026_forecast,PJM_Load_Forecast_Table_B9b
PJM,DOM,2038,28724,2026_forecast,PJM_Load_Forecast_Table_B9b
PJM,DOM,2039,30258,2026_forecast,PJM_Load_Forecast_Table_B9b
PJM,DOM,2040,31350,2026_forecast,PJM_Load_Forecast_Table_B9b
PJM,DOM,2041,32157,2026_forecast,PJM_Load_Forecast_Table_B9b
PJM,DOM,2042,32957,2026_forecast,PJM_Load_Forecast_Table_B9b
PJM,DOM,2043,33669,2026_forecast,PJM_Load_Forecast_Table_B9b
PJM,DOM,2044,34348,2026_forecast,PJM_Load_Forecast_Table_B9b
PJM,DOM,2045,35010,2026_forecast,PJM_Load_Forecast_Table_B9b
PJM,DOM,2046,35686,2026_forecast,PJM_Load_Forecast_Table_B9b
PJM,DPL,2025,0,2025_forecast,PJM_Load_Forecast_Table_B9b
PJM,DPL,2026,0,2025_forecast,PJM_Load_Forecast_Table_B9b
PJM,DPL,2027,0,2025_forecast,PJM_Load_Forecast_Table_B9b
PJM,DPL,2028,0,2025_forecast,PJM_Load_Forecast_Table_B9b
PJM,DPL,2029,0,2025_forecast,PJM_Load_Forecast_Table_B9b
PJM,DPL,2030,0,2025_forecast,PJM_Load_Forecast_Table_B9b
PJM,DPL,2031,0,2025_forecast,PJM_Load_Forecast_Table_B9b
PJM,DPL,2032,0,2025_forecast,PJM_Load_Forecast_Table_B9b
PJM,DPL,2033,0,2025_forecast,PJM_Load_Forecast_Table_B9b
PJM,DPL,2034,0,2025_forecast,PJM_Load_Forecast_Table_B9b
PJM,DPL,2035,0,2025_forecast,PJM_Load_Forecast_Table_B9b
PJM,DPL,2036,0,2025_forecast,PJM_Load_Forecast_Table_B9b
PJM,DPL,2037,0,2025_forecast,PJM_Load_Forecast_Table_B9b
PJM,DPL,2038,0,2025_forecast,PJM_Load_Forecast_Table_B9b
PJM,DPL,2039,0,2025_forecast,PJM_Load_Forecast_Table_B9b
PJM,DPL,2040,0,2025_forecast,PJM_Load_Forecast_Table_B9b
PJM,DPL,2041,0,2025_forecast,PJM_Load_Forecast_Table_B9b
PJM,DPL,2042,0,2025_forecast,PJM_Load_Forecast_Table_B9b
PJM,DPL,2043,0,2025_forecast,PJM_Load_Forecast_Table_B9b
PJM,DPL,2044,0,2025_forecast,PJM_Load_Forecast_Table_B9b
PJM,DPL,2045,0,2025_forecast,PJM_Load_Forecast_Table_B9b
PJM,DPL,2026,0,2026_forecast,PJM_Load_Forecast_Table_B9b
PJM,DPL,2027,0,2026_forecast,PJM_Load_Forecast_Table_B9b
PJM,DPL,2028,0,2026_forecast,PJM_Load_Forecast_Table_B9b
PJM,DPL,2029,0,2026_forecast,PJM_Load_Forecast_Table_B9b
PJM,DPL,2030,0,2026_forecast,PJM_Load_Forecast_Table_B9b
PJM,DPL,2031,0,2026_forecast,PJM_Load_Forecast_Table_B9b
PJM,DPL,2032,0,2026_forecast,PJM_Load_Forecast_Table_B9b
PJM,DPL,2033,0,2026_forecast,PJM_Load_Forecast_Table_B9b
PJM,DPL,2034,0,2026_forecast,PJM_Load_Forecast_Table_B9b
PJM,DPL,2035,0,2026_forecast,PJM_Load_Forecast_Table_B9b
PJM,DPL,2036,0,2026_forecast,PJM_Load_Forecast_Table_B9b
PJM,DPL,2037,0,2026_forecast,PJM_Load_Forecast_Table_B9b
PJM,DPL,2038,0,2026_forecast,PJM_Load_Forecast_Table_B9b
PJM,DPL,2039,0,2026_forecast,PJM_Load_Forecast_Table_B9b
PJM,DPL,2040,0,2026_forecast,PJM_Load_Forecast_Table_B9b
PJM,DPL,2041,0,2026_forecast,PJM_Load_Forecast_Table_B9b
PJM,DPL,2042,0,2026_forecast,PJM_Load_Forecast_Table_B9b
PJM,DPL,2043,0,2026_forecast,PJM_Load_Forecast_Table_B9b
PJM,DPL,2044,0,2026_forecast,PJM_Load_Forecast_Table_B9b
PJM,DPL,2045,0,2026_forecast,PJM_Load_Forecast_Table_B9b
PJM,DPL,2046,0,2026_forecast,PJM_Load_Forecast_Table_B9b
PJM,EKPC,2025,-6,2025_forecast,PJM_Load_Forecast_Table_B9b
PJM,EKPC,2026,-6,2025_forecast,PJM_Load_Forecast_Table_B9b
PJM,EKPC,2027,-6,2025_forecast,PJM_Load_Forecast_Table_B9b
PJM,EKPC,2028,-6,2025_forecast,PJM_Load_Forecast_Table_B9b
PJM,EKPC,2029,-6,2025_forecast,PJM_Load_Forecast_Table_B9b
PJM,EKPC,2030,-6,2025_forecast,PJM_Load_Forecast_Table_B9b
PJM,EKPC,2031,-6,2025_forecast,PJM_Load_Forecast_Table_B9b
PJM,EKPC,2032,-6,2025_forecast,PJM_Load_Forecast_Table_B9b
PJM,EKPC,2033,-7,2025_forecast,PJM_Load_Forecast_Table_B9b
PJM,EKPC,2034,-6,2025_forecast,PJM_Load_Forecast_Table_B9b
PJM,EKPC,2035,-6,2025_forecast,PJM_Load_Forecast_Table_B9b
PJM,EKPC,2036,-6,2025_forecast,PJM_Load_Forecast_Table_B9b
PJM,EKPC,2037,-6,2025_forecast,PJM_Load_Forecast_Table_B9b
PJM,EKPC,2038,-6,2025_forecast,PJM_Load_Forecast_Table_B9b
PJM,EKPC,2039,-6,2025_forecast,PJM_Load_Forecast_Table_B9b
PJM,EKPC,2040,-6,2025_forecast,PJM_Load_Forecast_Table_B9b
PJM,EKPC,2041,-6,2025_forecast,PJM_Load_Forecast_Table_B9b
PJM,EKPC,2042,-6,2025_forecast,PJM_Load_Forecast_Table_B9b
PJM,EKPC,2043,-6,2025_forecast,PJM_Load_Forecast_Table_B9b
PJM,EKPC,2044,-6,2025_forecast,PJM_Load_Forecast_Table_B9b
PJM,EKPC,2045,-6,2025_forecast,PJM_Load_Forecast_Table_B9b
PJM,EKPC,2026,-10,2026_forecast,PJM_Load_Forecast_Table_B9b
PJM,EKPC,2027,-10,2026_forecast,PJM_Load_Forecast_Table_B9b
PJM,EKPC,2028,-10,2026_forecast,PJM_Load_Forecast_Table_B9b
PJM,EKPC,2029,-10,2026_forecast,PJM_Load_Forecast_Table_B9b
PJM,EKPC,2030,-10,2026_forecast,PJM_Load_Forecast_Table_B9b
PJM,EKPC,2031,-10,2026_forecast,PJM_Load_Forecast_Table_B9b
PJM,EKPC,2032,-9,2026_forecast,PJM_Load_Forecast_Table_B9b
PJM,EKPC,2033,-9,2026_forecast,PJM_Load_Forecast_Table_B9b
PJM,EKPC,2034,-9,2026_forecast,PJM_Load_Forecast_Table_B9b
PJM,EKPC,2035,-9,2026_forecast,PJM_Load_Forecast_Table_B9b
PJM,EKPC,2036,-9,2026_forecast,PJM_Load_Forecast_Table_B9b
PJM,EKPC,2037,-9,2026_forecast,PJM_Load_Forecast_Table_B9b
PJM,EKPC,2038,-8,2026_forecast,PJM_Load_Forecast_Table_B9b
PJM,EKPC,2039,-8,2026_forecast,PJM_Load_Forecast_Table_B9b
PJM,EKPC,2040,-8,2026_forecast,PJM_Load_Forecast_Table_B9b
PJM,EKPC,2041,-8,2026_forecast,PJM_Load_Forecast_Table_B9b
PJM,EKPC,2042,-8,2026_forecast,PJM_Load_Forecast_Table_B9b
PJM,EKPC,2043,-8,2026_forecast,PJM_Load_Forecast_Table_B9b
PJM,EKPC,2044,-8,2026_forecast,PJM_Load_Forecast_Table_B9b
PJM,EKPC,2045,-8,2026_forecast,PJM_Load_Forecast_Table_B9b
PJM,EKPC,2046,-8,2026_forecast,PJM_Load_Forecast_Table_B9b
PJM,JCPL,2025,0,2025_forecast,PJM_Load_Forecast_Table_B9b
PJM,JCPL,2026,0,2025_forecast,PJM_Load_Forecast_Table_B9b
PJM,JCPL,2027,0,2025_forecast,PJM_Load_Forecast_Table_B9b
PJM,JCPL,2028,0,2025_forecast,PJM_Load_Forecast_Table_B9b
PJM,JCPL,2029,0,2025_forecast,PJM_Load_Forecast_Table_B9b
PJM,JCPL,2030,0,2025_forecast,PJM_Load_Forecast_Table_B9b
PJM,JCPL,2031,0,2025_forecast,PJM_Load_Forecast_Table_B9b
PJM,JCPL,2032,0,2025_forecast,PJM_Load_Forecast_Table_B9b
PJM,JCPL,2033,0,2025_forecast,PJM_Load_Forecast_Table_B9b
PJM,JCPL,2034,0,2025_forecast,PJM_Load_Forecast_Table_B9b
PJM,JCPL,2035,0,2025_forecast,PJM_Load_Forecast_Table_B9b
PJM,JCPL,2036,0,2025_forecast,PJM_Load_Forecast_Table_B9b
PJM,JCPL,2037,0,2025_forecast,PJM_Load_Forecast_Table_B9b
PJM,JCPL,2038,0,2025_forecast,PJM_Load_Forecast_Table_B9b
PJM,JCPL,2039,0,2025_forecast,PJM_Load_Forecast_Table_B9b
PJM,JCPL,2040,0,2025_forecast,PJM_Load_Forecast_Table_B9b
PJM,JCPL,2041,0,2025_forecast,PJM_Load_Forecast_Table_B9b
PJM,JCPL,2042,0,2025_forecast,PJM_Load_Forecast_Table_B9b
PJM,JCPL,2043,0,2025_forecast,PJM_Load_Forecast_Table_B9b
PJM,JCPL,2044,0,2025_forecast,PJM_Load_Forecast_Table_B9b
PJM,JCPL,2045,0,2025_forecast,PJM_Load_Forecast_Table_B9b
PJM,JCPL,2026,0,2026_forecast,PJM_Load_Forecast_Table_B9b
PJM,JCPL,2027,0,2026_forecast,PJM_Load_Forecast_Table_B9b
PJM,JCPL,2028,0,2026_forecast,PJM_Load_Forecast_Table_B9b
PJM,JCPL,2029,1,2026_forecast,PJM_Load_Forecast_Table_B9b
PJM,JCPL,2030,77,2026_forecast,PJM_Load_Forecast_Table_B9b
PJM,JCPL,2031,80,2026_forecast,PJM_Load_Forecast_Table_B9b
PJM,JCPL,2032,112,2026_forecast,PJM_Load_Forecast_Table_B9b
PJM,JCPL,2033,193,2026_forecast,PJM_Load_Forecast_Table_B9b
PJM,JCPL,2034,245,2026_forecast,PJM_Load_Forecast_Table_B9b
PJM,JCPL,2035,245,2026_forecast,PJM_Load_Forecast_Table_B9b
PJM,JCPL,2036,245,2026_forecast,PJM_Load_Forecast_Table_B9b
PJM,JCPL,2037,245,2026_forecast,PJM_Load_Forecast_Table_B9b
PJM,JCPL,2038,245,2026_forecast,PJM_Load_Forecast_Table_B9b
PJM,JCPL,2039,245,2026_forecast,PJM_Load_Forecast_Table_B9b
PJM,JCPL,2040,245,2026_forecast,PJM_Load_Forecast_Table_B9b
PJM,JCPL,2041,245,2026_forecast,PJM_Load_Forecast_Table_B9b
PJM,JCPL,2042,245,2026_forecast,PJM_Load_Forecast_Table_B9b
PJM,JCPL,2043,245,2026_forecast,PJM_Load_Forecast_Table_B9b
PJM,JCPL,2044,245,2026_forecast,PJM_Load_Forecast_Table_B9b
PJM,JCPL,2045,245,2026_forecast,PJM_Load_Forecast_Table_B9b
PJM,JCPL,2046,245,2026_forecast,PJM_Load_Forecast_Table_B9b
PJM,METED,2025,0,2025_forecast,PJM_Load_Forecast_Table_B9b
PJM,METED,2026,0,2025_forecast,PJM_Load_Forecast_Table_B9b
PJM,METED,2027,0,2025_forecast,PJM_Load_Forecast_Table_B9b
PJM,METED,2028,0,2025_forecast,PJM_Load_Forecast_Table_B9b
PJM,METED,2029,0,2025_forecast,PJM_Load_Forecast_Table_B9b
PJM,METED,2030,0,2025_forecast,PJM_Load_Forecast_Table_B9b
PJM,METED,2031,0,2025_forecast,PJM_Load_Forecast_Table_B9b
PJM,METED,2032,0,2025_forecast,PJM_Load_Forecast_Table_B9b
PJM,METED,2033,0,2025_forecast,PJM_Load_Forecast_Table_B9b
PJM,METED,2034,0,2025_forecast,PJM_Load_Forecast_Table_B9b
PJM,METED,2035,0,2025_forecast,PJM_Load_Forecast_Table_B9b
PJM,METED,2036,0,2025_forecast,PJM_Load_Forecast_Table_B9b
PJM,METED,2037,0,2025_forecast,PJM_Load_Forecast_Table_B9b
PJM,METED,2038,0,2025_forecast,PJM_Load_Forecast_Table_B9b
PJM,METED,2039,0,2025_forecast,PJM_Load_Forecast_Table_B9b
PJM,METED,2040,0,2025_forecast,PJM_Load_Forecast_Table_B9b
PJM,METED,2041,0,2025_forecast,PJM_Load_Forecast_Table_B9b
PJM,METED,2042,0,2025_forecast,PJM_Load_Forecast_Table_B9b
PJM,METED,2043,0,2025_forecast,PJM_Load_Forecast_Table_B9b
PJM,METED,2044,0,2025_forecast,PJM_Load_Forecast_Table_B9b
PJM,METED,2045,0,2025_forecast,PJM_Load_Forecast_Table_B9b
PJM,METED,2026,0,2026_forecast,PJM_Load_Forecast_Table_B9b
PJM,METED,2027,0,2026_forecast,PJM_Load_Forecast_Table_B9b
PJM,METED,2028,0,2026_forecast,PJM_Load_Forecast_Table_B9b
PJM,METED,2029,10,2026_forecast,PJM_Load_Forecast_Table_B9b
PJM,METED,2030,75,2026_forecast,PJM_Load_Forecast_Table_B9b
PJM,METED,2031,75,2026_forecast,PJM_Load_Forecast_Table_B9b
PJM,METED,2032,126,2026_forecast,PJM_Load_Forecast_Table_B9b
PJM,METED,2033,187,2026_forecast,PJM_Load_Forecast_Table_B9b
PJM,METED,2034,234,2026_forecast,PJM_Load_Forecast_Table_B9b
PJM,METED,2035,234,2026_forecast,PJM_Load_Forecast_Table_B9b
PJM,METED,2036,233,2026_forecast,PJM_Load_Forecast_Table_B9b
PJM,METED,2037,233,2026_forecast,PJM_Load_Forecast_Table_B9b
PJM,METED,2038,233,2026_forecast,PJM_Load_Forecast_Table_B9b
PJM,METED,2039,233,2026_forecast,PJM_Load_Forecast_Table_B9b
PJM,METED,2040,234,2026_forecast,PJM_Load_Forecast_Table_B9b
PJM,METED,2041,233,2026_forecast,PJM_Load_Forecast_Table_B9b
PJM,METED,2042,233,2026_forecast,PJM_Load_Forecast_Table_B9b
PJM,METED,2043,234,2026_forecast,PJM_Load_Forecast_Table_B9b
PJM,METED,2044,234,2026_forecast,PJM_Load_Forecast_Table_B9b
PJM,METED,2045,234,2026_forecast,PJM_Load_Forecast_Table_B9b
PJM,METED,2046,234,2026_forecast,PJM_Load_Forecast_Table_B9b
PJM,OVEC,2025,0,2025_forecast,PJM_Load_Forecast_Table_B9b
PJM,OVEC,2026,0,2025_forecast,PJM_Load_Forecast_Table_B9b
PJM,OVEC,2027,0,2025_forecast,PJM_Load_Forecast_Table_B9b
PJM,OVEC,2028,0,2025_forecast,PJM_Load_Forecast_Table_B9b
PJM,OVEC,2029,0,2025_forecast,PJM_Load_Forecast_Table_B9b
PJM,OVEC,2030,0,2025_forecast,PJM_Load_Forecast_Table_B9b
PJM,OVEC,2031,0,2025_forecast,PJM_Load_Forecast_Table_B9b
PJM,OVEC,2032,0,2025_forecast,PJM_Load_Forecast_Table_B9b
PJM,OVEC,2033,0,2025_forecast,PJM_Load_Forecast_Table_B9b
PJM,OVEC,2034,0,2025_forecast,PJM_Load_Forecast_Table_B9b
PJM,OVEC,2035,0,2025_forecast,PJM_Load_Forecast_Table_B9b
PJM,OVEC,2036,0,2025_forecast,PJM_Load_Forecast_Table_B9b
PJM,OVEC,2037,0,2025_forecast,PJM_Load_Forecast_Table_B9b
PJM,OVEC,2038,0,2025_forecast,PJM_Load_Forecast_Table_B9b
PJM,OVEC,2039,0,2025_forecast,PJM_Load_Forecast_Table_B9b
PJM,OVEC,2040,0,2025_forecast,PJM_Load_Forecast_Table_B9b
PJM,OVEC,2041,0,2025_forecast,PJM_Load_Forecast_Table_B9b
PJM,OVEC,2042,0,2025_forecast,PJM_Load_Forecast_Table_B9b
PJM,OVEC,2043,0,2025_forecast,PJM_Load_Forecast_Table_B9b
PJM,OVEC,2044,0,2025_forecast,PJM_Load_Forecast_Table_B9b
PJM,OVEC,2045,0,2025_forecast,PJM_Load_Forecast_Table_B9b
PJM,OVEC,2026,0,2026_forecast,PJM_Load_Forecast_Table_B9b
PJM,OVEC,2027,0,2026_forecast,PJM_Load_Forecast_Table_B9b
PJM,OVEC,2028,0,2026_forecast,PJM_Load_Forecast_Table_B9b
PJM,OVEC,2029,0,2026_forecast,PJM_Load_Forecast_Table_B9b
PJM,OVEC,2030,0,2026_forecast,PJM_Load_Forecast_Table_B9b
PJM,OVEC,2031,0,2026_forecast,PJM_Load_Forecast_Table_B9b
PJM,OVEC,2032,0,2026_forecast,PJM_Load_Forecast_Table_B9b
PJM,OVEC,2033,0,2026_forecast,PJM_Load_Forecast_Table_B9b
PJM,OVEC,2034,0,2026_forecast,PJM_Load_Forecast_Table_B9b
PJM,OVEC,2035,0,2026_forecast,PJM_Load_Forecast_Table_B9b
PJM,OVEC,2036,0,2026_forecast,PJM_Load_Forecast_Table_B9b
PJM,OVEC,2037,0,2026_forecast,PJM_Load_Forecast_Table_B9b
PJM,OVEC,2038,0,2026_forecast,PJM_Load_Forecast_Table_B9b
PJM,OVEC,2039,0,2026_forecast,PJM_Load_Forecast_Table_B9b
PJM,OVEC,2040,0,2026_forecast,PJM_Load_Forecast_Table_B9b
PJM,OVEC,2041,0,2026_forecast,PJM_Load_Forecast_Table_B9b
PJM,OVEC,2042,0,2026_forecast,PJM_Load_Forecast_Table_B9b
PJM,OVEC,2043,0,2026_forecast,PJM_Load_Forecast_Table_B9b
PJM,OVEC,2044,0,2026_forecast,PJM_Load_Forecast_Table_B9b
PJM,OVEC,2045,0,2026_forecast,PJM_Load_Forecast_Table_B9b
PJM,OVEC,2046,0,2026_forecast,PJM_Load_Forecast_Table_B9b
PJM,PECO,2025,0,2025_forecast,PJM_Load_Forecast_Table_B9b
PJM,PECO,2026,18,2025_forecast,PJM_Load_Forecast_Table_B9b
PJM,PECO,2027,71,2025_forecast,PJM_Load_Forecast_Table_B9b
PJM,PECO,2028,125,2025_forecast,PJM_Load_Forecast_Table_B9b
PJM,PECO,2029,178,2025_forecast,PJM_Load_Forecast_Table_B9b
PJM,PECO,2030,232,2025_forecast,PJM_Load_Forecast_Table_B9b
PJM,PECO,2031,285,2025_forecast,PJM_Load_Forecast_Table_B9b
PJM,PECO,2032,338,2025_forecast,PJM_Load_Forecast_Table_B9b
PJM,PECO,2033,391,2025_forecast,PJM_Load_Forecast_Table_B9b
PJM,PECO,2034,427,2025_forecast,PJM_Load_Forecast_Table_B9b
PJM,PECO,2035,427,2025_forecast,PJM_Load_Forecast_Table_B9b
PJM,PECO,2036,427,2025_forecast,PJM_Load_Forecast_Table_B9b
PJM,PECO,2037,427,2025_forecast,PJM_Load_Forecast_Table_B9b
PJM,PECO,2038,427,2025_forecast,PJM_Load_Forecast_Table_B9b
PJM,PECO,2039,427,2025_forecast,PJM_Load_Forecast_Table_B9b
PJM,PECO,2040,427,2025_forecast,PJM_Load_Forecast_Table_B9b
PJM,PECO,2041,427,2025_forecast,PJM_Load_Forecast_Table_B9b
PJM,PECO,2042,427,2025_forecast,PJM_Load_Forecast_Table_B9b
PJM,PECO,2043,427,2025_forecast,PJM_Load_Forecast_Table_B9b
PJM,PECO,2044,428,2025_forecast,PJM_Load_Forecast_Table_B9b
PJM,PECO,2045,428,2025_forecast,PJM_Load_Forecast_Table_B9b
PJM,PECO,2026,17,2026_forecast,PJM_Load_Forecast_Table_B9b
PJM,PECO,2027,88,2026_forecast,PJM_Load_Forecast_Table_B9b
PJM,PECO,2028,281,2026_forecast,PJM_Load_Forecast_Table_B9b
PJM,PECO,2029,517,2026_forecast,PJM_Load_Forecast_Table_B9b
PJM,PECO,2030,824,2026_forecast,PJM_Load_Forecast_Table_B9b
PJM,PECO,2031,1146,2026_forecast,PJM_Load_Forecast_Table_B9b
PJM,PECO,2032,1414,2026_forecast,PJM_Load_Forecast_Table_B9b
PJM,PECO,2033,1560,2026_forecast,PJM_Load_Forecast_Table_B9b
PJM,PECO,2034,1664,2026_forecast,PJM_Load_Forecast_Table_B9b
PJM,PECO,2035,1698,2026_forecast,PJM_Load_Forecast_Table_B9b
PJM,PECO,2036,1697,2026_forecast,PJM_Load_Forecast_Table_B9b
PJM,PECO,2037,1698,2026_forecast,PJM_Load_Forecast_Table_B9b
PJM,PECO,2038,1698,2026_forecast,PJM_Load_Forecast_Table_B9b
PJM,PECO,2039,1698,2026_forecast,PJM_Load_Forecast_Table_B9b
PJM,PECO,2040,1698,2026_forecast,PJM_Load_Forecast_Table_B9b
PJM,PECO,2041,1698,2026_forecast,PJM_Load_Forecast_Table_B9b
PJM,PECO,2042,1699,2026_forecast,PJM_Load_Forecast_Table_B9b
PJM,PECO,2043,1699,2026_forecast,PJM_Load_Forecast_Table_B9b
PJM,PECO,2044,1700,2026_forecast,PJM_Load_Forecast_Table_B9b
PJM,PECO,2045,1701,2026_forecast,PJM_Load_Forecast_Table_B9b
PJM,PECO,2046,1702,2026_forecast,PJM_Load_Forecast_Table_B9b
PJM,PENLC,2025,0,2025_forecast,PJM_Load_Forecast_Table_B9b
PJM,PENLC,2026,0,2025_forecast,PJM_Load_Forecast_Table_B9b
PJM,PENLC,2027,0,2025_forecast,PJM_Load_Forecast_Table_B9b
PJM,PENLC,2028,0,2025_forecast,PJM_Load_Forecast_Table_B9b
PJM,PENLC,2029,0,2025_forecast,PJM_Load_Forecast_Table_B9b
PJM,PENLC,2030,0,2025_forecast,PJM_Load_Forecast_Table_B9b
PJM,PENLC,2031,0,2025_forecast,PJM_Load_Forecast_Table_B9b
PJM,PENLC,2032,0,2025_forecast,PJM_Load_Forecast_Table_B9b
PJM,PENLC,2033,0,2025_forecast,PJM_Load_Forecast_Table_B9b
PJM,PENLC,2034,0,2025_forecast,PJM_Load_Forecast_Table_B9b
PJM,PENLC,2035,0,2025_forecast,PJM_Load_Forecast_Table_B9b
PJM,PENLC,2036,0,2025_forecast,PJM_Load_Forecast_Table_B9b
PJM,PENLC,2037,0,2025_forecast,PJM_Load_Forecast_Table_B9b
PJM,PENLC,2038,0,2025_forecast,PJM_Load_Forecast_Table_B9b
PJM,PENLC,2039,0,2025_forecast,PJM_Load_Forecast_Table_B9b
PJM,PENLC,2040,0,2025_forecast,PJM_Load_Forecast_Table_B9b
PJM,PENLC,2041,0,2025_forecast,PJM_Load_Forecast_Table_B9b
PJM,PENLC,2042,0,2025_forecast,PJM_Load_Forecast_Table_B9b
PJM,PENLC,2043,0,2025_forecast,PJM_Load_Forecast_Table_B9b
PJM,PENLC,2044,0,2025_forecast,PJM_Load_Forecast_Table_B9b
PJM,PENLC,2045,0,2025_forecast,PJM_Load_Forecast_Table_B9b
PJM,PENLC,2026,0,2026_forecast,PJM_Load_Forecast_Table_B9b
PJM,PENLC,2027,0,2026_forecast,PJM_Load_Forecast_Table_B9b
PJM,PENLC,2028,0,2026_forecast,PJM_Load_Forecast_Table_B9b
PJM,PENLC,2029,0,2026_forecast,PJM_Load_Forecast_Table_B9b
PJM,PENLC,2030,0,2026_forecast,PJM_Load_Forecast_Table_B9b
PJM,PENLC,2031,0,2026_forecast,PJM_Load_Forecast_Table_B9b
PJM,PENLC,2032,0,2026_forecast,PJM_Load_Forecast_Table_B9b
PJM,PENLC,2033,0,2026_forecast,PJM_Load_Forecast_Table_B9b
PJM,PENLC,2034,0,2026_forecast,PJM_Load_Forecast_Table_B9b
PJM,PENLC,2035,0,2026_forecast,PJM_Load_Forecast_Table_B9b
PJM,PENLC,2036,0,2026_forecast,PJM_Load_Forecast_Table_B9b
PJM,PENLC,2037,0,2026_forecast,PJM_Load_Forecast_Table_B9b
PJM,PENLC,2038,0,2026_forecast,PJM_Load_Forecast_Table_B9b
PJM,PENLC,2039,0,2026_forecast,PJM_Load_Forecast_Table_B9b
PJM,PENLC,2040,0,2026_forecast,PJM_Load_Forecast_Table_B9b
PJM,PENLC,2041,0,2026_forecast,PJM_Load_Forecast_Table_B9b
PJM,PENLC,2042,0,2026_forecast,PJM_Load_Forecast_Table_B9b
PJM,PENLC,2043,0,2026_forecast,PJM_Load_Forecast_Table_B9b
PJM,PENLC,2044,0,2026_forecast,PJM_Load_Forecast_Table_B9b
PJM,PENLC,2045,0,2026_forecast,PJM_Load_Forecast_Table_B9b
PJM,PENLC,2046,0,2026_forecast,PJM_Load_Forecast_Table_B9b
PJM,PEPCO,2025,0,2025_forecast,PJM_Load_Forecast_Table_B9b
PJM,PEPCO,2026,0,2025_forecast,PJM_Load_Forecast_Table_B9b
PJM,PEPCO,2027,0,2025_forecast,PJM_Load_Forecast_Table_B9b
PJM,PEPCO,2028,0,2025_forecast,PJM_Load_Forecast_Table_B9b
PJM,PEPCO,2029,0,2025_forecast,PJM_Load_Forecast_Table_B9b
PJM,PEPCO,2030,0,2025_forecast,PJM_Load_Forecast_Table_B9b
PJM,PEPCO,2031,0,2025_forecast,PJM_Load_Forecast_Table_B9b
PJM,PEPCO,2032,0,2025_forecast,PJM_Load_Forecast_Table_B9b
PJM,PEPCO,2033,0,2025_forecast,PJM_Load_Forecast_Table_B9b
PJM,PEPCO,2034,0,2025_forecast,PJM_Load_Forecast_Table_B9b
PJM,PEPCO,2035,0,2025_forecast,PJM_Load_Forecast_Table_B9b
PJM,PEPCO,2036,0,2025_forecast,PJM_Load_Forecast_Table_B9b
PJM,PEPCO,2037,0,2025_forecast,PJM_Load_Forecast_Table_B9b
PJM,PEPCO,2038,0,2025_forecast,PJM_Load_Forecast_Table_B9b
PJM,PEPCO,2039,0,2025_forecast,PJM_Load_Forecast_Table_B9b
PJM,PEPCO,2040,0,2025_forecast,PJM_Load_Forecast_Table_B9b
PJM,PEPCO,2041,0,2025_forecast,PJM_Load_Forecast_Table_B9b
PJM,PEPCO,2042,0,2025_forecast,PJM_Load_Forecast_Table_B9b
PJM,PEPCO,2043,0,2025_forecast,PJM_Load_Forecast_Table_B9b
PJM,PEPCO,2044,0,2025_forecast,PJM_Load_Forecast_Table_B9b
PJM,PEPCO,2045,0,2025_forecast,PJM_Load_Forecast_Table_B9b
PJM,PEPCO,2026,0,2026_forecast,PJM_Load_Forecast_Table_B9b
PJM,PEPCO,2027,0,2026_forecast,PJM_Load_Forecast_Table_B9b
PJM,PEPCO,2028,0,2026_forecast,PJM_Load_Forecast_Table_B9b
PJM,PEPCO,2029,0,2026_forecast,PJM_Load_Forecast_Table_B9b
PJM,PEPCO,2030,142,2026_forecast,PJM_Load_Forecast_Table_B9b
PJM,PEPCO,2031,229,2026_forecast,PJM_Load_Forecast_Table_B9b
PJM,PEPCO,2032,437,2026_forecast,PJM_Load_Forecast_Table_B9b
PJM,PEPCO,2033,642,2026_forecast,PJM_Load_Forecast_Table_B9b
PJM,PEPCO,2034,799,2026_forecast,PJM_Load_Forecast_Table_B9b
PJM,PEPCO,2035,946,2026_forecast,PJM_Load_Forecast_Table_B9b
PJM,PEPCO,2036,1064,2026_forecast,PJM_Load_Forecast_Table_B9b
PJM,PEPCO,2037,1064,2026_forecast,PJM_Load_Forecast_Table_B9b
PJM,PEPCO,2038,1064,2026_forecast,PJM_Load_Forecast_Table_B9b
PJM,PEPCO,2039,1064,2026_forecast,PJM_Load_Forecast_Table_B9b
PJM,PEPCO,2040,1064,2026_forecast,PJM_Load_Forecast_Table_B9b
PJM,PEPCO,2041,1064,2026_forecast,PJM_Load_Forecast_Table_B9b
PJM,PEPCO,2042,1064,2026_forecast,PJM_Load_Forecast_Table_B9b
PJM,PEPCO,2043,1064,2026_forecast,PJM_Load_Forecast_Table_B9b
PJM,PEPCO,2044,1064,2026_forecast,PJM_Load_Forecast_Table_B9b
PJM,PEPCO,2045,1064,2026_forecast,PJM_Load_Forecast_Table_B9b
PJM,PEPCO,2046,1064,2026_forecast,PJM_Load_Forecast_Table_B9b
PJM,PL,2025,93,2025_forecast,PJM_Load_Forecast_Table_B9b
PJM,PL,2026,484,2025_forecast,PJM_Load_Forecast_Table_B9b
PJM,PL,2027,1528,2025_forecast,PJM_Load_Forecast_Table_B9b
PJM,PL,2028,2753,2025_forecast,PJM_Load_Forecast_Table_B9b
PJM,PL,2029,3955,2025_forecast,PJM_Load_Forecast_Table_B9b
PJM,PL,2030,4650,2025_forecast,PJM_Load_Forecast_Table_B9b
PJM,PL,2031,5104,2025_forecast,PJM_Load_Forecast_Table_B9b
PJM,PL,2032,5328,2025_forecast,PJM_Load_Forecast_Table_B9b
PJM,PL,2033,5529,2025_forecast,PJM_Load_Forecast_Table_B9b
PJM,PL,2034,5529,2025_forecast,PJM_Load_Forecast_Table_B9b
PJM,PL,2035,5528,2025_forecast,PJM_Load_Forecast_Table_B9b
PJM,PL,2036,5526,2025_forecast,PJM_Load_Forecast_Table_B9b
PJM,PL,2037,5525,2025_forecast,PJM_Load_Forecast_Table_B9b
PJM,PL,2038,5525,2025_forecast,PJM_Load_Forecast_Table_B9b
PJM,PL,2039,5525,2025_forecast,PJM_Load_Forecast_Table_B9b
PJM,PL,2040,5526,2025_forecast,PJM_Load_Forecast_Table_B9b
PJM,PL,2041,5525,2025_forecast,PJM_Load_Forecast_Table_B9b
PJM,PL,2042,5525,2025_forecast,PJM_Load_Forecast_Table_B9b
PJM,PL,2043,5526,2025_forecast,PJM_Load_Forecast_Table_B9b
PJM,PL,2044,5527,2025_forecast,PJM_Load_Forecast_Table_B9b
PJM,PL,2045,5528,2025_forecast,PJM_Load_Forecast_Table_B9b
PJM,PL,2026,189,2026_forecast,PJM_Load_Forecast_Table_B9b
PJM,PL,2027,394,2026_forecast,PJM_Load_Forecast_Table_B9b
PJM,PL,2028,1274,2026_forecast,PJM_Load_Forecast_Table_B9b
PJM,PL,2029,1876,2026_forecast,PJM_Load_Forecast_Table_B9b
PJM,PL,2030,4996,2026_forecast,PJM_Load_Forecast_Table_B9b
PJM,PL,2031,5906,2026_forecast,PJM_Load_Forecast_Table_B9b
PJM,PL,2032,6241,2026_forecast,PJM_Load_Forecast_Table_B9b
PJM,PL,2033,6285,2026_forecast,PJM_Load_Forecast_Table_B9b
PJM,PL,2034,6284,2026_forecast,PJM_Load_Forecast_Table_B9b
PJM,PL,2035,6282,2026_forecast,PJM_Load_Forecast_Table_B9b
PJM,PL,2036,6279,2026_forecast,PJM_Load_Forecast_Table_B9b
PJM,PL,2037,6278,2026_forecast,PJM_Load_Forecast_Table_B9b
PJM,PL,2038,6279,2026_forecast,PJM_Load_Forecast_Table_B9b
PJM,PL,2039,6280,2026_forecast,PJM_Load_Forecast_Table_B9b
PJM,PL,2040,6281,2026_forecast,PJM_Load_Forecast_Table_B9b
PJM,PL,2041,6279,2026_forecast,PJM_Load_Forecast_Table_B9b
PJM,PL,2042,6279,2026_forecast,PJM_Load_Forecast_Table_B9b
PJM,PL,2043,6278,2026_forecast,PJM_Load_Forecast_Table_B9b
PJM,PL,2044,6281,2026_forecast,PJM_Load_Forecast_Table_B9b
PJM,PL,2045,6283,2026_forecast,PJM_Load_Forecast_Table_B9b
PJM,PL,2046,6284,2026_forecast,PJM_Load_Forecast_Table_B9b
PJM,PS,2025,289,2025_forecast,PJM_Load_Forecast_Table_B9b
PJM,PS,2026,450,2025_forecast,PJM_Load_Forecast_Table_B9b
PJM,PS,2027,580,2025_forecast,PJM_Load_Forecast_Table_B9b
PJM,PS,2028,842,2025_forecast,PJM_Load_Forecast_Table_B9b
PJM,PS,2029,947,2025_forecast,PJM_Load_Forecast_Table_B9b
PJM,PS,2030,1127,2025_forecast,PJM_Load_Forecast_Table_B9b
PJM,PS,2031,1187,2025_forecast,PJM_Load_Forecast_Table_B9b
PJM,PS,2032,1208,2025_forecast,PJM_Load_Forecast_Table_B9b
PJM,PS,2033,1224,2025_forecast,PJM_Load_Forecast_Table_B9b
PJM,PS,2034,1225,2025_forecast,PJM_Load_Forecast_Table_B9b
PJM,PS,2035,1235,2025_forecast,PJM_Load_Forecast_Table_B9b
PJM,PS,2036,1237,2025_forecast,PJM_Load_Forecast_Table_B9b
PJM,PS,2037,1238,2025_forecast,PJM_Load_Forecast_Table_B9b
PJM,PS,2038,1238,2025_forecast,PJM_Load_Forecast_Table_B9b
PJM,PS,2039,1238,2025_forecast,PJM_Load_Forecast_Table_B9b
PJM,PS,2040,1259,2025_forecast,PJM_Load_Forecast_Table_B9b
PJM,PS,2041,1264,2025_forecast,PJM_Load_Forecast_Table_B9b
PJM,PS,2042,1264,2025_forecast,PJM_Load_Forecast_Table_B9b
PJM,PS,2043,1265,2025_forecast,PJM_Load_Forecast_Table_B9b
PJM,PS,2044,1264,2025_forecast,PJM_Load_Forecast_Table_B9b
PJM,PS,2045,1264,2025_forecast,PJM_Load_Forecast_Table_B9b
PJM,PS,2026,308,2026_forecast,PJM_Load_Forecast_Table_B9b
PJM,PS,2027,383,2026_forecast,PJM_Load_Forecast_Table_B9b
PJM,PS,2028,628,2026_forecast,PJM_Load_Forecast_Table_B9b
PJM,PS,2029,938,2026_forecast,PJM_Load_Forecast_Table_B9b
PJM,PS,2030,1446,2026_forecast,PJM_Load_Forecast_Table_B9b
PJM,PS,2031,1933,2026_forecast,PJM_Load_Forecast_Table_B9b
PJM,PS,2032,2322,2026_forecast,PJM_Load_Forecast_Table_B9b
PJM,PS,2033,2568,2026_forecast,PJM_Load_Forecast_Table_B9b
PJM,PS,2034,2590,2026_forecast,PJM_Load_Forecast_Table_B9b
PJM,PS,2035,2602,2026_forecast,PJM_Load_Forecast_Table_B9b
PJM,PS,2036,2608,2026_forecast,PJM_Load_Forecast_Table_B9b
PJM,PS,2037,2626,2026_forecast,PJM_Load_Forecast_Table_B9b
PJM,PS,2038,2634,2026_forecast,PJM_Load_Forecast_Table_B9b
PJM,PS,2039,2641,2026_forecast,PJM_Load_Forecast_Table_B9b
PJM,PS,2040,2677,2026_forecast,PJM_Load_Forecast_Table_B9b
PJM,PS,2041,2680,2026_forecast,PJM_Load_Forecast_Table_B9b
PJM,PS,2042,2683,2026_forecast,PJM_Load_Forecast_Table_B9b
PJM,PS,2043,2685,2026_forecast,PJM_Load_Forecast_Table_B9b
PJM,PS,2044,2686,2026_forecast,PJM_Load_Forecast_Table_B9b
PJM,PS,2045,2709,2026_forecast,PJM_Load_Forecast_Table_B9b
PJM,PS,2046,2710,2026_forecast,PJM_Load_Forecast_Table_B9b
PJM,RECO,2025,0,2025_forecast,PJM_Load_Forecast_Table_B9b
PJM,RECO,2026,0,2025_forecast,PJM_Load_Forecast_Table_B9b
PJM,RECO,2027,0,2025_forecast,PJM_Load_Forecast_Table_B9b
PJM,RECO,2028,0,2025_forecast,PJM_Load_Forecast_Table_B9b
PJM,RECO,2029,0,2025_forecast,PJM_Load_Forecast_Table_B9b
PJM,RECO,2030,0,2025_forecast,PJM_Load_Forecast_Table_B9b
PJM,RECO,2031,0,2025_forecast,PJM_Load_Forecast_Table_B9b
PJM,RECO,2032,0,2025_forecast,PJM_Load_Forecast_Table_B9b
PJM,RECO,2033,0,2025_forecast,PJM_Load_Forecast_Table_B9b
PJM,RECO,2034,0,2025_forecast,PJM_Load_Forecast_Table_B9b
PJM,RECO,2035,0,2025_forecast,PJM_Load_Forecast_Table_B9b
PJM,RECO,2036,0,2025_forecast,PJM_Load_Forecast_Table_B9b
PJM,RECO,2037,0,2025_forecast,PJM_Load_Forecast_Table_B9b
PJM,RECO,2038,0,2025_forecast,PJM_Load_Forecast_Table_B9b
PJM,RECO,2039,0,2025_forecast,PJM_Load_Forecast_Table_B9b
PJM,RECO,2040,0,2025_forecast,PJM_Load_Forecast_Table_B9b
PJM,RECO,2041,0,2025_forecast,PJM_Load_Forecast_Table_B9b
PJM,RECO,2042,0,2025_forecast,PJM_Load_Forecast_Table_B9b
PJM,RECO,2043,0,2025_forecast,PJM_Load_Forecast_Table_B9b
PJM,RECO,2044,0,2025_forecast,PJM_Load_Forecast_Table_B9b
PJM,RECO,2045,0,2025_forecast,PJM_Load_Forecast_Table_B9b
PJM,RECO,2026,0,2026_forecast,PJM_Load_Forecast_Table_B9b
PJM,RECO,2027,0,2026_forecast,PJM_Load_Forecast_Table_B9b
PJM,RECO,2028,0,2026_forecast,PJM_Load_Forecast_Table_B9b
PJM,RECO,2029,0,2026_forecast,PJM_Load_Forecast_Table_B9b
PJM,RECO,2030,0,2026_forecast,PJM_Load_Forecast_Table_B9b
PJM,RECO,2031,0,2026_forecast,PJM_Load_Forecast_Table_B9b
PJM,RECO,2032,0,2026_forecast,PJM_Load_Forecast_Table_B9b
PJM,RECO,2033,0,2026_forecast,PJM_Load_Forecast_Table_B9b
PJM,RECO,2034,0,2026_forecast,PJM_Load_Forecast_Table_B9b
PJM,RECO,2035,0,2026_forecast,PJM_Load_Forecast_Table_B9b
PJM,RECO,2036,0,2026_forecast,PJM_Load_Forecast_Table_B9b
PJM,RECO,2037,0,2026_forecast,PJM_Load_Forecast_Table_B9b
PJM,RECO,2038,0,2026_forecast,PJM_Load_Forecast_Table_B9b
PJM,RECO,2039,0,2026_forecast,PJM_Load_Forecast_Table_B9b
PJM,RECO,2040,0,2026_forecast,PJM_Load_Forecast_Table_B9b
PJM,RECO,2041,0,2026_forecast,PJM_Load_Forecast_Table_B9b
PJM,RECO,2042,0,2026_forecast,PJM_Load_Forecast_Table_B9b
PJM,RECO,2043,0,2026_forecast,PJM_Load_Forecast_Table_B9b
PJM,RECO,2044,0,2026_forecast,PJM_Load_Forecast_Table_B9b
PJM,RECO,2045,0,2026_forecast,PJM_Load_Forecast_Table_B9b
PJM,RECO,2046,0,2026_forecast,PJM_Load_Forecast_Table_B9b
PJM,UGI,2025,0,2025_forecast,PJM_Load_Forecast_Table_B9b
PJM,UGI,2026,0,2025_forecast,PJM_Load_Forecast_Table_B9b
PJM,UGI,2027,0,2025_forecast,PJM_Load_Forecast_Table_B9b
PJM,UGI,2028,0,2025_forecast,PJM_Load_Forecast_Table_B9b
PJM,UGI,2029,0,2025_forecast,PJM_Load_Forecast_Table_B9b
PJM,UGI,2030,0,2025_forecast,PJM_Load_Forecast_Table_B9b
PJM,UGI,2031,0,2025_forecast,PJM_Load_Forecast_Table_B9b
PJM,UGI,2032,0,2025_forecast,PJM_Load_Forecast_Table_B9b
PJM,UGI,2033,0,2025_forecast,PJM_Load_Forecast_Table_B9b
PJM,UGI,2034,0,2025_forecast,PJM_Load_Forecast_Table_B9b
PJM,UGI,2035,0,2025_forecast,PJM_Load_Forecast_Table_B9b
PJM,UGI,2036,0,2025_forecast,PJM_Load_Forecast_Table_B9b
PJM,UGI,2037,0,2025_forecast,PJM_Load_Forecast_Table_B9b
PJM,UGI,2038,0,2025_forecast,PJM_Load_Forecast_Table_B9b
PJM,UGI,2039,0,2025_forecast,PJM_Load_Forecast_Table_B9b
PJM,UGI,2040,0,2025_forecast,PJM_Load_Forecast_Table_B9b
PJM,UGI,2041,0,2025_forecast,PJM_Load_Forecast_Table_B9b
PJM,UGI,2042,0,2025_forecast,PJM_Load_Forecast_Table_B9b
PJM,UGI,2043,0,2025_forecast,PJM_Load_Forecast_Table_B9b
PJM,UGI,2044,0,2025_forecast,PJM_Load_Forecast_Table_B9b
PJM,UGI,2045,0,2025_forecast,PJM_Load_Forecast_Table_B9b
PJM,UGI,2026,0,2026_forecast,PJM_Load_Forecast_Table_B9b
PJM,UGI,2027,0,2026_forecast,PJM_Load_Forecast_Table_B9b
PJM,UGI,2028,0,2026_forecast,PJM_Load_Forecast_Table_B9b
PJM,UGI,2029,0,2026_forecast,PJM_Load_Forecast_Table_B9b
PJM,UGI,2030,0,2026_forecast,PJM_Load_Forecast_Table_B9b
PJM,UGI,2031,0,2026_forecast,PJM_Load_Forecast_Table_B9b
PJM,UGI,2032,0,2026_forecast,PJM_Load_Forecast_Table_B9b
PJM,UGI,2033,0,2026_forecast,PJM_Load_Forecast_Table_B9b
PJM,UGI,2034,0,2026_forecast,PJM_Load_Forecast_Table_B9b
PJM,UGI,2035,0,2026_forecast,PJM_Load_Forecast_Table_B9b
PJM,UGI,2036,0,2026_forecast,PJM_Load_Forecast_Table_B9b
PJM,UGI,2037,0,2026_forecast,PJM_Load_Forecast_Table_B9b
PJM,UGI,2038,0,2026_forecast,PJM_Load_Forecast_Table_B9b
PJM,UGI,2039,0,2026_forecast,PJM_Load_Forecast_Table_B9b
PJM,UGI,2040,0,2026_forecast,PJM_Load_Forecast_Table_B9b
PJM,UGI,2041,0,2026_forecast,PJM_Load_Forecast_Table_B9b
PJM,UGI,2042,0,2026_forecast,PJM_Load_Forecast_Table_B9b
PJM,UGI,2043,0,2026_forecast,PJM_Load_Forecast_Table_B9b
PJM,UGI,2044,0,2026_forecast,PJM_Load_Forecast_Table_B9b
PJM,UGI,2045,0,2026_forecast,PJM_Load_Forecast_Table_B9b
PJM,UGI,2046,0,2026_forecast,PJM_Load_Forecast_Table_B9b
